<?xml version="1.0" encoding="UTF-8"?>
<!DOCTYPE hibernate-configuration PUBLIC "-//Hibernate/Hibernate Configuration DTD 3.0//EN" "http://hibernate.sourceforge.net/hibernate-configuration-3.0.dtd">
<hibernate-configuration>
  <session-factory>
    <property name="hibernate.dialect">org.hibernate.dialect.MySQLDialect</property>
    <property name="hibernate.connection.driver_class">com.mysql.jdbc.Driver</property>
    <property name="hibernate.connection.url">jdbc:mysql://localhost:3306/projetDB?zeroDateTimeBehavior=convertToNull</property>
    <property name="hibernate.connection.username">root</property>
    <property name="hibernate.show_sql">true</property>
    <property name="hibernate.format_sql">true</property>
    <property name="hibernate.hbm2ddl.auto">update</property>
    <mapping class="entities.Admin"/>
    <mapping class="entities.Categorie"/>
    <mapping class="entities.Client"/>
    <mapping class="entities.Commande"/>
    <mapping class="entities.Facture"/>
    <mapping class="entities.LigneCommande"/>
    <mapping class="entities.LigneCommandePK"/>
    <mapping class="entities.Marque"/>
    <mapping class="entities.Produit"/>
    <mapping class="entities.User"/>
    <mapping class="entities.Panier"/>
  </session-factory>
</hibernate-configuration>
